time,vehicle_id,speed,acceleration,x,y,edge_id,lane_id,signed_power_watts,consumption_power_watts
5.0,189,8.8298,0.0,4706.74,2158.94,906505545#0,906505545#0_0,2242.579834489832,2242.579834489832
6.0,189,8.47754173658807,-0.35225826341193134,4710.359854818337,2151.3366800834633,906505545#1,906505545#1_0,-2826.5204844083055,0.0
7.0,189,7.809468715060689,-0.6680730215273805,4713.934167799521,2144.391528865112,906505545#1,906505545#1_0,-6711.844992308874,0.0
8.0,189,8.60626449257154,0.7967957775108516,4717.873165959022,2136.7377677058203,906505545#1,906505545#1_0,13612.958860866942,13612.958860866942
8.0,356,7.816039,0.0,5440.126155378485,2055.035547808765,450680039#2,450680039#2_0,1985.243911422848,1985.243911422848
9.0,189,7.841741116349772,-0.764523376221768,4721.462249684167,2129.7639158529814,906505545#1,906505545#1_0,-8000.492459047837,0.0
9.0,356,7.605239980425813,-0.21079901957418734,5445.623036997804,2049.7798017864357,450680039#2,450680039#2_0,-737.5096951837859,0.0
10.0,189,8.479104844578728,0.6373637282289559,4725.343048189237,2122.2232408736086,906505545#1,906505545#1_0,11158.144784263715,11158.144784263715
11.0,189,8.441528987074458,-0.037575857504270616,4729.184448702853,2114.7063660807858,:3109574422_2,:3109574422_2_0,1612.7117987647066,1612.7117987647066
11.0,356,7.003070514872797,0.445829359511845,5455.424098918819,2040.4086899864383,450680039#2,450680039#2_0,6997.75086051468,6997.75086051468
12.0,189,8.355333990352415,-0.08619499672204256,4732.973899763665,2107.260732115735,:3109574422_2,:3109574422_2_0,919.0491066929582,919.0491066929582
12.0,356,7.31046901889158,0.3073985040187832,5460.707927290044,2035.3566510545581,450680039#2,450680039#2_0,5610.277184375198,5610.277184375198
13.0,189,7.996011380530149,-0.35932260982226616,4736.5667269816995,2100.118485095866,906505545#2,906505545#2_0,-2759.2563929314106,0.0
13.0,356,6.729619432673916,-0.5808495862176644,5465.571931773752,2030.7060192985455,450680039#2,450680039#2_0,-4782.2057665957645,0.0
14.0,189,7.957342513143272,-0.03866886738687736,4740.138869679401,2093.009124834387,906505545#2,906505545#2_0,1506.9601252352143,1506.9601252352143
15.0,189,7.7341634720612324,-0.22317904108203912,4743.61082473524,2086.09916031379,906505545#2,906505545#2_0,-911.42865121464,0.0
17.0,189,8.626312294211425,-0.19366215863265168,4751.44266378233,2070.512054756247,906505545#2,906505545#2_0,-595.200392839495,0.0
17.0,356,6.930734097366348,-0.7460084039950745,5483.087553613334,2008.5668740755773,:cluster_1382873554_1418737335_8121509961_5,:cluster_1382873554_1418737335_8121509961_5_0,-6839.58348856226,0.0
18.0,189,8.51933512525186,-0.1069771689595651,4755.267091435993,2062.9005911936756,906505545#2,906505545#2_0,642.4275037952812,642.4275037952812
18.0,356,7.408567511001729,0.47783341363538057,5485.0907925809215,2001.438990740032,:cluster_1382873554_1418737335_8121509961_5,:cluster_1382873554_1418737335_8121509961_5_0,7787.9604612556,7787.9604612556
19.0,189,8.025750391349849,-0.4935847339020114,4758.869943218066,2055.7301130087076,906505545#2,906505545#2_0,-4565.641767120669,0.0
19.0,356,6.666948543968737,-0.7416189670329913,5488.805420017539,1996.4178434986845,:3052730079_1,:3052730079_1_0,-6521.846542068999,0.0
20.0,356,7.005282330224417,0.33833378625567967,5495.20034271323,1995.9276105143042,-124184227#2,-124184227#2_0,5744.835920637121,5744.835920637121
21.0,356,7.095896144737616,0.09061381451319939,5502.22,1995.39,:6247804737_1,:6247804737_1_0,2886.956365929363,2886.956365929363
22.0,189,0.08594598786803276,-0.18536862238364354,4760.852263068603,2052.5078353307176,906505545#3,906505545#3_0,487.4996290508862,487.4996290508862
23.0,189,0.0042041246973118125,-0.08174186317072095,4760.854466065051,2052.504254364378,906505545#3,906505545#3_0,500.1146194440068,500.1146194440068
23.0,83,8.416632,0.0,4975.704403721455,1436.1266760642795,43037129#1,43037129#1_0,2134.9997965051207,2134.9997965051207
24.0,189,0.0013325726816957283,-0.0028715520156160843,4760.855164344265,2052.5031193129084,906505545#3,906505545#3_0,500.21149804820124,500.21149804820124
24.0,356,0.25988080467551206,-0.7616698429607771,5508.589718891095,1994.9019973430209,-124184227#1,-124184227#1_0,212.592512998916,212.592512998916
24.0,83,7.961888829471327,-0.45474317052867264,4968.98270197354,1431.8595346307231,43037129#1,43037129#1_0,-4013.4432758646662,0.0
25.0,189,0.00042214232603546276,-0.0009104303556602655,4760.855385550369,2052.502759742827,906505545#3,906505545#3_0,500.0683797183594,500.0683797183594
25.0,356,0.05145235916745305,-0.208428445508059,5508.64103330828,1994.898065996543,-124184227#1,-124184227#1_0,490.53896113478385,490.53896113478385
25.0,39,9.018891,0.0,5181.538545454546,2148.8665454545453,490631540#0,490631540#0_0,2293.1137903437602,2293.1137903437602
25.0,414,0.0,0.0,5098.76,1532.17,129216266#2,129216266#2_0,500.0,500.0
25.0,83,7.375106920643494,-0.5867819088278337,4962.756381794836,1427.9068765376462,43037129#1,43037129#1_0,-5332.62584708857,0.0
26.0,189,0.00015062297014827486,-0.0002715193558871879,4760.855464478063,2052.5026314460174,906505545#3,906505545#3_0,500.0245586938677,500.0245586938677
26.0,356,0.015699021917223305,-0.03575333725022974,5508.656690241667,1994.8968664734207,-124184227#1,-124184227#1_0,501.63130438826266,501.63130438826266
26.0,39,8.794248915973292,-0.2246420840267085,5175.203253517766,2154.049976627714,:10141723903_0,:10141723903_0_1,-1059.4260302914176,0.0
26.0,83,7.525897422145836,0.15079050150234252,4956.402759062776,1423.8734028980919,43037129#1,43037129#1_0,3806.9538258500847,3806.9538258500847
27.0,189,0.0,-0.00015062297014827486,4760.855464478063,2052.5026314460174,906505545#3,906505545#3_0,500.0,500.0
27.0,356,0.003430961120257558,-0.012268060796965748,5508.660112004501,1994.8966043222358,-124184227#1,-124184227#1_0,500.49081009467255,500.49081009467255
27.0,83,7.140582580880046,-0.3853148412657905,4950.374432437897,1420.046437156267,43037129#1,43037129#1_0,-2760.0524760039266,0.0
28.0,189,0.0,0.0,4760.855464478063,2052.5026314460174,906505545#3,906505545#3_0,500.0,500.0
28.0,286,8.711514000000001,0.0,4990.82,1137.26,42520941#1,42520941#1_0,2211.3875807030727,2211.3875807030727
28.0,356,0.0014101005922269813,-0.002020860528030577,5508.661518324662,1994.8964965799653,-124184227#1,-124184227#1_0,500.2258020870009,500.2258020870009
28.0,39,7.893146132981236,0.15678587358317753,5164.924925779935,2165.7771013626657,1108418334#0,1108418334#0_1,4066.60384384607,4066.60384384607
28.0,411,6.92223,0.0,5238.928275862069,2287.500344827586,43872044#5,43872044#5_0,1775.8044495726472,1775.8044495726472
28.0,83,8.07449999979396,0.9339174189139152,4943.557660447656,1415.7189422310885,43037129#1,43037129#1_0,14616.950704392813,14616.950704392813
29.0,189,0.0,0.0,4760.855464478063,2052.5026314460174,906505545#3,906505545#3_0,500.0,500.0
29.0,327,0.0,0.0,4864.16,1842.16,42819748#9,42819748#9_0,500.0,500.0
29.0,356,0.0001258686150812347,-0.0012842319771457465,5508.661643855828,1994.8964869626584,-124184227#1,-124184227#1_0,500.02031011106595,500.02031011106595
29.0,411,5.988190457036271,-0.9340395429637285,5242.507424181217,2282.698455793073,43872044#5,43872044#5_0,-7749.708685346668,0.0
29.0,83,7.52574962418691,-0.5487503756070504,4937.204162491742,1411.6855478032398,43037129#1,43037129#1_0,-4967.400875582968,0.0
30.0,189,0.0,0.0,4760.855464478063,2052.5026314460174,906505545#3,906505545#3_0,500.0,500.0
30.0,286,7.862166830884793,0.3089641611790288,5001.153240399347,1148.6856662195958,:530924816_1,:530924816_1_0,6045.0244589229815,6045.0244589229815
30.0,356,0.0,-0.0001258686150812347,5508.661643855828,1994.8964869626584,-124184227#1,-124184227#1_0,500.0,500.0
30.0,411,6.2116753343003985,0.22348487726412714,5246.220149668386,2277.717355761646,43872044#5,43872044#5_0,3933.3678109640578,3933.3678109640578
30.0,414,7.73644961969068,0.39486354084757647,5087.69806428213,1554.3883372985415,129216266#4,129216266#4_0,7057.365112485558,7057.365112485558
30.0,83,8.289827067048073,0.7640774428611623,4930.205603948671,1407.2426492257212,43037129#1,43037129#1_0,12659.524826799421,12659.524826799421
31.0,189,0.0,0.0,4760.855464478063,2052.5026314460174,906505545#3,906505545#3_0,500.0,500.0
31.0,286,8.017702016501257,0.15553518561646396,5006.554844571482,1154.5840611629205,831157582#1,831157582#1_0,4113.072123192949,4113.072123192949
31.0,356,0.0,0.0,5508.661643855828,1994.8964869626584,-124184227#1,-124184227#1_0,500.0,500.0
31.0,39,0.21702773359612493,-0.5573116098765908,5161.898052385256,2169.4282833865086,1108418334#0,1108418334#0_1,333.9016802151515,333.9016802151515
31.0,411,5.792884518366791,-0.41879081593360734,5249.682563403501,2273.07208122562,43872044#5,43872044#5_0,-2511.802968478112,0.0
31.0,414,8.198214563802608,0.4617649441119287,5084.06946495849,1561.739785278902,129216266#4,129216266#4_0,8389.066142107735,8389.066142107735
32.0,189,0.0,0.0,4760.855464478063,2052.5026314460174,906505545#3,906505545#3_0,500.0,500.0
32.0,286,8.451549233506935,0.4338472170056775,5012.296847397594,1160.7721057840595,831157582#1,831157582#1_0,8255.079313849728,8255.079313849728
32.0,356,0.0,0.0,5508.661643855828,1994.8964869626584,-124184227#1,-124184227#1_0,500.0,500.0
32.0,39,0.011913080668588049,-0.2051146529275369,5161.890446786535,2169.437457680148,1108418334#0,1108418334#0_1,497.87521041235766,497.87521041235766
32.0,411,4.875808662655036,-0.9170758557117553,5252.596839845548,2269.162203555634,43872044#5,43872044#5_0,-6104.9529330297,0.0
32.0,414,7.662914419924633,-0.5353001438779756,5080.677794020282,1568.6112225043632,129216266#4,129216266#4_0,-4888.338405685636,0.0
33.0,189,0.0,0.0,4760.855464478063,2052.5026314460174,906505545#3,906505545#3_0,500.0,500.0
33.0,286,7.553002112532535,-0.8985471209744,5017.428375153932,1166.302253311404,831157582#1,831157582#1_0,-9389.211221207272,0.0
33.0,356,0.0,0.0,5508.661643855828,1994.8964869626584,-124184227#1,-124184227#1_0,500.0,500.0
33.0,39,0.001569588931153189,-0.01034349173743486,5161.889444723013,2169.438666424565,1108418334#0,1108418334#0_1,500.2295694083549,500.2295694083549
33.0,414,8.039920014404483,0.3770055944798507,5077.119257207255,1575.8207256580279,129216266#4,129216266#4_0,7092.003764961697,7092.003764961697
34.0,189,0.0,0.0,4760.855464478063,2052.5026314460174,906505545#3,906505545#3_0,500.0,500.0
34.0,327,6.408769560454525,-0.8939674905966966,4884.521898345856,1845.6252110497342,4744915#5,4744915#5_0,-7886.595580467594,0.0
34.0,356,0.0,0.0,5508.661643855828,1994.8964869626584,-124184227#1,-124184227#1_0,500.0,500.0
34.0,39,0.0005218114061864471,-0.0010477775249667421,5161.889111585995,2169.4390682728526,1108418334#0,1108418334#0_1,500.08440492786707,500.08440492786707
34.0,411,0.1634702313739079,-0.2830743625191672,5252.961446407777,2268.673036833006,43872044#5,43872044#5_0,449.6055603084575,449.6055603084575
34.0,414,7.772118464071095,-0.26780155033338815,5073.679251632567,1582.7900876015528,129216266#4,129216266#4_0,-1494.3881122398154,0.0
34.0,83,6.579363199366711,0.6667601670283396,4916.421955257201,1392.903709803323,4750176#9,4750176#9_0,9010.816606481934,9010.816606481934
35.0,189,0.0,0.0,4760.855464478063,2052.5026314460174,906505545#3,906505545#3_0,500.0,500.0
35.0,286,7.9723850231957964,-0.5907329984940599,5028.662635594433,1178.409197002753,831157582#1,831157582#1_0,-5825.75320388013,0.0
35.0,327,6.3301902714307605,-0.07857928902376443,4890.256012340939,1848.3060566142124,4744915#5,4744915#5_0,816.0870239351509,816.0870239351509
35.0,356,0.0,0.0,5508.661643855828,1994.8964869626584,-124184227#1,-124184227#1_0,500.0,500.0
35.0,39,0.0,-0.0005218114061864471,5161.889111585995,2169.4390682728526,1108418334#0,1108418334#0_1,500.0,500.0
35.0,411,0.0004117271187661464,-0.16305850425514176,5252.961692497549,2268.6727066718413,43872044#5,43872044#5_0,499.9554247037031,499.9554247037031
35.0,414,7.447791147609965,-0.32432731646113044,5070.382796079897,1589.4686209290398,129216266#4,129216266#4_0,-2128.77935193432,0.0
35.0,83,7.132604757618874,0.5532415582521626,4918.846362040892,1386.1953762328499,4750176#9,4750176#9_0,8400.490243428383,8400.490243428383
36.0,189,0.0,0.0,4760.855464478063,2052.5026314460174,906505545#3,906505545#3_0,500.0,500.0
36.0,286,8.41354230573544,0.4411572825396437,5034.378816422632,1184.5694137596195,831157582#1,831157582#1_0,8320.368736038334,8320.368736038334
36.0,327,7.307619952096715,0.9774296806659546,4896.875517291238,1851.4008451901398,4744915#5,4744915#5_0,13768.708764778788,13768.708764778788
36.0,356,0.0,0.0,5508.661643855828,1994.8964869626584,-124184227#1,-124184227#1_0,500.0,500.0
36.0,39,0.0,0.0,5161.889111585995,2169.4390682728526,1108418334#0,1108418334#0_1,500.0,500.0
36.0,411,0.0,-0.0004117271187661464,5252.961692497549,2268.6727066718413,43872044#5,43872044#5_0,500.0,500.0
36.0,414,7.757748374092184,0.30995722648221946,5066.94915233219,1596.4250977638312,129216266#4,129216266#4_0,5978.726349662432,5978.726349662432
36.0,83,7.169260263505175,0.0366555058863014,4921.283228207957,1379.452567548581,4750176#9,4750176#9_0,2270.1574845995647,2270.1574845995647
37.0,189,0.0,0.0,4760.855464478063,2052.5026314460174,906505545#3,906505545#3_0,500.0,500.0
37.0,286,8.20989272798089,-0.2036495777545504,5039.95663723911,1190.5805226263935,831157582#1,831157582#1_0,-703.982755019252,0.0
37.0,327,6.391953163606226,-0.9156667884904888,4902.665578335179,1854.1078474368721,4744915#5,4744915#5_0,-8096.355021636933,0.0
37.0,356,0.0,0.0,5508.661643855828,1994.8964869626584,-124184227#1,-124184227#1_0,500.0,500.0
37.0,39,0.0,0.0,5161.889111585995,2169.4390682728526,1108418334#0,1108418334#0_1,500.0,500.0
37.0,411,0.0,0.0,5252.961692497549,2268.6727066718413,43872044#5,43872044#5_0,500.0,500.0
37.0,414,7.93812640866337,0.18037803457118606,5063.435710596665,1603.54334116114,129216266#4,129216266#4_0,4401.512301445839,4401.512301445839
38.0,189,0.0,0.0,4760.855464478063,2052.5026314460174,906505545#3,906505545#3_0,500.0,500.0
38.0,286,7.547851152775378,-0.662041575205512,5045.1561582912145,1196.0387296398615,831157582#1,831157582#1_0,-6407.540847189116,0.0
38.0,327,6.659330751502998,0.2673775878967719,4908.697839613709,1856.9280845138098,4744915#5,4744915#5_0,4684.619544548031,4684.619544548031
38.0,356,0.0,0.0,5508.661643855828,1994.8964869626584,-124184227#1,-124184227#1_0,500.0,500.0
38.0,39,0.0,0.0,5161.889111585995,2169.4390682728526,1108418334#0,1108418334#0_1,500.0,500.0
38.0,411,0.0,0.0,5252.961692497549,2268.6727066718413,43872044#5,43872044#5_0,500.0,500.0
38.0,414,7.672066939394713,-0.2660594692686571,5060.040027686754,1610.4230048278027,129216266#4,129216266#4_0,-1451.58585173581,0.0
38.0,83,8.157877244885794,-0.07740900104399806,4926.927116326942,1364.0645226302436,:533954389_1,:533954389_1_0,1017.0548733617737,1017.0548733617737
39.0,189,0.0,0.0,4760.855464478063,2052.5026314460174,906505545#3,906505545#3_0,500.0,500.0
39.0,286,7.875865958967746,0.32801480619236845,5050.6616270446475,1201.6578715762619,831157582#1,831157582#1_0,6305.490651915012,6305.490651915012
39.0,327,6.647488226730488,-0.011842524772510465,4914.719373507418,1859.7433062628274,4744915#5,4744915#5_0,1583.2023588691363,1583.2023588691363
39.0,356,0.0,0.0,5508.661643855828,1994.8964869626584,-124184227#1,-124184227#1_0,500.0,500.0
39.0,39,0.0,0.0,5161.889111585995,2169.4390682728526,1108418334#0,1108418334#0_1,500.0,500.0
39.0,411,0.0,0.0,5252.961692497549,2268.6727066718413,43872044#5,43872044#5_0,500.0,500.0
39.0,414,7.822932362631686,0.15086542323697305,5056.5775712276245,1617.437951903617,129216266#4,129216266#4_0,3953.936672123456,3953.936672123456
39.0,83,7.193385774564713,-0.9644914703210814,4929.102190851,1358.4532372014612,:6901021993_0,:6901021993_0_0,-9725.530809841575,0.0
40.0,189,0.0,0.0,4760.855464478063,2052.5026314460174,906505545#3,906505545#3_0,500.0,500.0
40.0,286,7.5865634332285605,-0.2893025257391857,5055.964864573725,1207.0706067552144,831157582#1,831157582#1_0,-1728.0250200129785,0.0
40.0,327,7.321887424833252,0.6743991981027646,4921.351802447611,1862.8441371359627,4744915#5,4744915#5_0,10097.35316213954,10097.35316213954
40.0,356,0.0,0.0,5508.661643855828,1994.8964869626584,-124184227#1,-124184227#1_0,500.0,500.0
40.0,39,0.0,0.0,5161.889111585995,2169.4390682728526,1108418334#0,1108418334#0_1,500.0,500.0
40.0,411,0.0,0.0,5252.961692497549,2268.6727066718413,43872044#5,43872044#5_0,500.0,500.0
40.0,414,8.469604155077391,0.646671792445705,5052.8292489857495,1625.0333661118443,:30294194_0,:30294194_0_0,11277.003057277232,11277.003057277232
41.0,189,0.0,0.0,4760.855464478063,2052.5026314460174,906505545#3,906505545#3_0,500.0,500.0
41.0,286,7.597347937302233,0.010784504073672707,5061.324537334986,1212.4398357882676,831157582#1,831157582#1_0,2069.123913638313,2069.123913638313
41.0,356,0.0,0.0,5508.661643855828,1994.8964869626584,-124184227#1,-124184227#1_0,500.0,500.0
41.0,39,0.0,0.0,5161.889111585995,2169.4390682728526,1108418334#0,1108418334#0_1,500.0,500.0
41.0,411,0.0,0.0,5252.961692497549,2268.6727066718413,43872044#5,43872044#5_0,500.0,500.0
41.0,414,8.179870289685928,-0.2897338653914634,5049.217096358799,1632.371533192703,129216266#5,129216266#5_0,-1874.9247645502996,0.0
42.0,189,0.0,0.0,4760.855464478063,2052.5026314460174,906505545#3,906505545#3_0,500.0,500.0
42.0,286,7.666294645435677,0.06894670813344383,5067.03493219596,1217.541474766032,831157582#1,831157582#1_0,2830.0145401935224,2830.0145401935224
42.0,327,6.5304955917299905,0.3852159735023406,4932.084651179618,1867.8770996130274,:30237481_2,:30237481_2_0,5881.414891701221,5881.414891701221
42.0,356,0.0,0.0,5508.661643855828,1994.8964869626584,-124184227#1,-124184227#1_0,500.0,500.0
42.0,39,0.0,0.0,5161.889111585995,2169.4390682728526,1108418334#0,1108418334#0_1,500.0,500.0
42.0,411,0.0,0.0,5252.961692497549,2268.6727066718413,43872044#5,43872044#5_0,500.0,500.0
42.0,414,8.458230392081456,0.2783601023955278,5046.2695649905,1638.3422375065709,129216266#6,129216266#6_0,6069.7150747325395,6069.7150747325395
43.0,189,0.0,0.0,4760.855464478063,2052.5026314460174,906505545#3,906505545#3_0,500.0,500.0
43.0,286,8.515800391846836,0.8495057464111593,5073.378098620386,1223.208428779047,831157582#1,831157582#1_0,14217.508407603573,14217.508407603573
43.0,327,7.287821041059792,0.7573254493298016,4938.586902624675,1870.9493429662095,4744915#8,4744915#8_0,11058.377679272131,11058.377679272131
43.0,356,0.0,0.0,5508.661643855828,1994.8964869626584,-124184227#1,-124184227#1_0,500.0,500.0
43.0,39,0.0,0.0,5161.889111585995,2169.4390682728526,1108418334#0,1108418334#0_1,500.0,500.0
43.0,411,0.0,0.0,5252.961692497549,2268.6727066718413,43872044#5,43872044#5_0,500.0,500.0
43.0,414,7.6561576267991,-0.8020727652823556,5042.886981083104,1645.2106701138393,129216266#6,129216266#6_0,-8288.020045669959,0.0
43.0,83,5.113371486355096,0.2969802013831213,4941.275451139308,1343.8704230692917,42884388#1,42884388#1_0,3925.0369388903378,3925.0369388903378
44.0,189,0.0,0.0,4760.855464478063,2052.5026314460174,906505545#3,906505545#3_0,500.0,500.0
44.0,286,8.266687021066003,-0.24911337078083307,5077.361890301312,1231.0710780628833,831157582#1,831157582#1_1,-1335.34440529488,0.0
44.0,327,6.671210144193023,-0.616610896866769,4944.612056148073,1873.813609201367,4744915#8,4744915#8_0,-5136.245172995107,0.0
44.0,356,0.0,0.0,5508.661643855828,1994.8964869626584,-124184227#1,-124184227#1_0,500.0,500.0
44.0,39,0.0,0.0,5161.889111585995,2169.4390682728526,1108418334#0,1108418334#0_1,500.0,500.0
44.0,411,0.0,0.0,5252.961692497549,2268.6727066718413,43872044#5,43872044#5_0,500.0,500.0
44.0,414,8.523275752347686,0.8671181255485862,5039.121293801892,1652.8570049924801,129216266#6,129216266#6_0,14480.213261740268,14480.213261740268
45.0,189,0.0,0.0,4760.855464478063,2052.5026314460174,906505545#3,906505545#3_0,500.0,500.0
45.0,286,8.141138383477495,-0.12554863758850843,5083.419629426868,1236.5243766007097,831157582#1,831157582#1_1,361.84380972495984,361.84380972495984
45.0,327,6.499423211266398,-0.17178693292662484,4950.482059013371,1876.6041191762677,4744915#8,4744915#8_0,-178.99536133692368,0.0
45.0,356,0.0,0.0,5508.661643855828,1994.8964869626584,-124184227#1,-124184227#1_0,500.0,500.0
45.0,39,0.0,0.0,5161.889111585995,2169.4390682728526,1108418334#0,1108418334#0_1,500.0,500.0
45.0,411,0.0,0.0,5252.961692497549,2268.6727066718413,43872044#5,43872044#5_0,500.0,500.0
45.0,414,7.943520238418856,-0.5797555139288306,5035.611749584503,1659.983234111781,129216266#6,129216266#6_0,-5659.1016066768725,0.0
46.0,286,8.065939754002297,-0.07519862947519762,5089.427330576762,1241.923547653469,:cluster_1911719125_1911719127_3213779628_3213779629_3213779630_4894487219_532408981_539147486_7223640753_7223640755_7223640758_7223640760_7223640763_2,:cluster_1911719125_1911719127_3213779628_3213779629_3213779630_4894487219_532408981_539147486_7223640753_7223640755_7223640758_7223640760_7223640763_2_1,1035.7185374358464,1035.7185374358464
46.0,327,6.956317067018822,0.4568938557524236,4956.764708994456,1879.590795306303,4744915#8,4744915#8_0,7080.679976439126,7080.679976439126
46.0,356,0.0,0.0,5508.661643855828,1994.8964869626584,-124184227#1,-124184227#1_0,500.0,500.0
46.0,414,7.815457765181341,-0.12806247323751485,5032.158784931202,1666.9945768207142,129216266#6,129216266#6_0,316.99121280911095,316.99121280911095
46.0,83,7.412635446890972,-0.462981098680757,4959.993020321069,1354.9298621453852,42884388#1,42884388#1_0,-3831.035447630142,0.0
47.0,286,8.473071601718233,0.40713184771593625,5096.136181472014,1247.2479922813468,:cluster_1911719125_1911719127_3213779628_3213779629_3213779630_4894487219_532408981_539147486_7223640753_7223640755_7223640758_7223640760_7223640763_2,:cluster_1911719125_1911719127_3213779628_3213779629_3213779630_4894487219_532408981_539147486_7223640753_7223640755_7223640758_7223640760_7223640763_2_1,7898.89944281468,7898.89944281468
47.0,327,6.78117851092305,-0.17513855609577167,4962.889181273814,1882.502276165637,4744915#8,4744915#8_0,-235.29288504980354,0.0
47.0,356,0.0,0.0,5508.661643855828,1994.8964869626584,-124184227#1,-124184227#1_0,500.0,500.0
47.0,414,8.525703615421222,0.7102458502398807,5028.392024990444,1674.6430897650002,129216266#6,129216266#6_0,12255.271224929244,12255.271224929244
47.0,83,7.677011113676026,0.2643756667850541,4966.601822066716,1358.8347303236303,42884388#1,42884388#1_0,5334.3368227902465,5334.3368227902465
48.0,286,7.730587448283599,-0.7424841534346349,5102.754507624233,1251.4095553628003,:cluster_1911719125_1911719127_3213779628_3213779629_3213779630_4894487219_532408981_539147486_7223640753_7223640755_7223640758_7223640760_7223640763_2,:cluster_1911719125_1911719127_3213779628_3213779629_3213779630_4894487219_532408981_539147486_7223640753_7223640755_7223640758_7223640760_7223640763_2_1,-7601.8509850369865,0.0
48.0,327,6.217980754527375,-0.5631977563956756,4968.504997271481,1885.1719495743748,4744915#8,4744915#8_0,-4215.56453680616,0.0
48.0,356,0.0,0.0,5508.661643855828,1994.8964869626584,-124184227#1,-124184227#1_0,500.0,500.0
48.0,414,7.6161644058821505,-0.9095392095390711,5025.027110576294,1681.4756439648474,129216266#6,129216266#6_0,-9608.271014926744,0.0
48.0,83,8.348488212182902,0.6714770985068759,4973.78866895976,1363.0811415210994,42884388#1,42884388#1_0,11460.652187305142,11460.652187305142
49.0,286,7.846274611224921,0.11568716294132209,5109.464370395558,1255.6037377751147,831157582#6,831157582#6_1,3505.4581805416456,3505.4581805416456
49.0,356,0.0,0.0,5508.661643855828,1994.8964869626584,-124184227#1,-124184227#1_0,500.0,500.0
49.0,411,6.591978437334784,0.9409559024009111,5264.007291453502,2253.5486794532976,:cluster_10044994212_10044994213_4921421154_557230343_8121955337_8121955338_8121955340_8121955341_3,:cluster_10044994212_10044994213_4921421154_557230343_8121955337_8121955338_8121955340_8121955341_3_0,12040.098077593775,12040.098077593775
49.0,414,8.260648331610279,0.6444839257281281,5021.47304314783,1688.7358588018217,:30558551_1,:30558551_1_0,10968.46001240502,10968.46001240502
49.0,83,7.575101916624017,-0.7733862955588853,4980.309741552824,1366.934174164037,42884388#1,42884388#1_0,-7836.870378004367,0.0
50.0,189,8.102734141941369,0.010304749268106761,4741.643427057219,2035.5326725800937,542500769#1,542500769#1_0,2194.940580289949,2194.940580289949
50.0,286,8.13173829429926,0.2854636830743402,5116.319504803258,1260.0043854987014,831157582#6,831157582#6_1,5931.870955450748,5931.870955450748
50.0,327,6.76655511303164,-0.584444530075416,4981.255372831868,1891.233283955543,4744915#8,4744915#8_0,-4850.275026240465,0.0
50.0,356,0.0,0.0,5508.661643855828,1994.8964869626584,-124184227#1,-124184227#1_0,500.0,500.0
50.0,411,6.376787361407206,-0.2151910759275779,5267.765445425077,2248.396939604713,:cluster_10044994212_10044994213_4921421154_557230343_8121955337_8121955338_8121955340_8121955341_3,:cluster_10044994212_10044994213_4921421154_557230343_8121955337_8121955338_8121955340_8121955341_3_0,-631.8540163411528,0.0
50.0,414,8.512270531412938,0.2516221998026591,5017.770418413992,1696.406376939031,129216266#9,129216266#9_0,5729.356090231448,5729.356090231448
50.0,83,7.588551776359573,0.013449859735556124,4986.842392539507,1370.7940480018754,42884388#1,42884388#1_0,2100.5773818941784,2100.5773818941784
51.0,189,7.895687497877702,-0.20704664406366646,4734.149250455291,2033.0473270687296,542500769#1,542500769#1_0,-719.9566879328561,0.0
51.0,286,7.944454255431459,-0.18728403886780143,5123.016756946133,1264.303680836183,831157582#6,831157582#6_1,-463.1551523402387,0.0
51.0,327,6.743239259638935,-0.023315853392705144,4987.345579991614,1894.128475698796,4744915#8,4744915#8_0,1473.613292417111,1473.613292417111
51.0,356,0.0,0.0,5508.661643855828,1994.8964869626584,-124184227#1,-124184227#1_0,500.0,500.0
51.0,39,8.566844945025801,0.5065720039187003,5138.771375397885,2193.6941037360493,550732200#0,550732200#0_2,9406.542319861775,9406.542319861775
51.0,411,6.640862187135517,0.2640748257283114,5271.927803014571,2243.2243280500675,43872044#10,43872044#10_0,4635.750601283995,4635.750601283995
51.0,414,8.537957782955631,0.0256872515426938,5014.083161917941,1704.1059525135274,129216266#9,129216266#9_0,2531.7217883356698,2531.7217883356698
51.0,83,7.689900324090168,0.10134854773059487,4993.462290040394,1374.7054722039225,42884388#1,42884388#1_0,3253.6775350178145,3253.6775350178145
52.0,189,8.656384246987477,0.7606967491097745,4725.933059997079,2030.322535118861,542500769#1,542500769#1_0,13171.764096092407,13171.764096092407
52.0,286,8.451101580319495,0.5066473248880357,5130.141117707573,1268.877158189396,831157582#6,831157582#6_1,9280.042630432548,9280.042630432548
52.0,327,7.3341087951912725,0.5908695355523372,4993.96943540813,1897.2773556970258,4744915#8,4744915#8_0,9092.916967933299,9092.916967933299
52.0,356,0.0,0.0,5508.661643855828,1994.8964869626584,-124184227#1,-124184227#1_0,500.0,500.0
52.0,39,8.634471755379051,0.06762681035325002,5133.082323228056,2200.1885143670656,550732200#0,550732200#0_2,3164.4453927552963,3164.4453927552963
52.0,411,6.036356090751961,-0.604506096383556,5275.7634724048485,2238.5629924014393,43872044#10,43872044#10_0,-4499.244676545857,0.0
52.0,414,7.5891139336915465,-0.9488438492640849,5010.805679133106,1710.9498556764797,129216266#9,129216266#9_0,-10070.87025832602,0.0
52.0,83,8.269336423619434,0.579436099529266,5000.580998634471,1378.9116232928886,42884388#1,42884388#1_0,10083.48187374339,10083.48187374339
53.0,189,7.7980203045580545,-0.8583639424294223,4718.5315840238345,2027.867932556808,542500769#1,542500769#1_0,-9175.03177388438,0.0
53.0,286,8.629482519101852,0.1783809387823574,5137.761336662989,1273.2731166052104,831157582#8,831157582#8_1,4755.501094948385,4755.501094948385
53.0,356,0.0,0.0,5508.661643855828,1994.8964869626584,-124184227#1,-124184227#1_0,500.0,500.0
53.0,383,7.812707,0.0,5093.82,1541.99,129216266#3,129216266#3_0,1984.434097131624,1984.434097131624
53.0,39,8.933315743573182,0.2988439881941307,5127.196369720469,2206.9077002511517,550732200#0,550732200#0_2,6719.587244615975,6719.587244615975
53.0,411,6.8443950176448745,0.8080389268929133,5280.112592315843,2233.2776808642493,43872044#10,43872044#10_0,10975.837360381123,10975.837360381123
53.0,414,7.746579368254893,0.15746543456334638,5007.460192328897,1717.9357620027895,129216266#9,129216266#9_0,4001.439767462211,4001.439767462211
53.0,83,7.773281033050052,-0.4960553905693814,5007.272674926187,1382.8654586198222,42884388#1,42884388#1_0,-4451.760851394312,0.0
54.0,189,8.59108188339062,0.7930615788325657,4710.377375178428,2025.1636959969912,542500769#1,542500769#1_0,13535.383867660841,13535.383867660841
54.0,286,8.231318144813681,-0.39816437428817153,5145.067473643796,1276.8688618051183,831157582#8,831157582#8_1,-3374.387780577099,0.0
54.0,304,4.764364,0.0,5280.005633131381,1742.8759916767822,4750165#1,4750165#1_0,1325.9303758997166,1325.9303758997166
54.0,356,0.0,0.0,5508.661643855828,1994.8964869626584,-124184227#1,-124184227#1_0,500.0,500.0
54.0,39,8.758467356951147,-0.17484838662203472,5121.425619739106,2213.495374069061,550732200#0,550732200#0_2,-328.6087830982947,0.0
54.0,411,6.346329512118846,-0.4980655055260286,5284.145227482537,2228.3769805828165,43872044#10,43872044#10_0,-3619.5395962275297,0.0
54.0,414,8.10542128556946,0.3588419173145665,5003.959733782696,1725.2452738717707,129216266#9,129216266#9_0,6904.0569279424235,6904.0569279424235
55.0,189,7.736648394824193,-0.8544334885664275,4703.034150235264,2022.7284116260928,542500769#1,542500769#1_0,-9051.409170631765,0.0
55.0,286,8.543313521064388,0.3119953762507066,5152.622820770231,1280.8945333001732,:530924818_0,:530924818_0_1,6610.035731648932,6610.035731648932
55.0,304,4.545595528683565,-0.21876847131643462,5275.814286106957,1741.179897871073,894042533,894042533_0,-373.40255599366117,0.0
55.0,327,6.776371956023499,-0.5219614675268538,5012.324705199539,1906.0031714453826,4744915#8,4744915#8_0,-4151.965187538158,0.0
55.0,356,0.0,0.0,5508.661643855828,1994.8964869626584,-124184227#1,-124184227#1_0,500.0,500.0
55.0,383,7.155161892676324,0.3927849039668221,5088.082431280383,1553.6096197436384,129216266#4,129216266#4_0,6512.988220595314,6512.988220595314
55.0,39,8.705408606442795,-0.053058750508352404,5115.689828931651,2220.043139792633,550732200#0,550732200#0_2,1439.9560589835578,1439.9560589835578
55.0,411,5.624715172171145,-0.7216143399477009,5287.719328726826,2224.033518243743,43872044#10,43872044#10_0,-5267.885402358613,0.0
55.0,414,7.59545987889243,-0.5099614066770295,5000.679510397796,1732.0948998417348,129216266#9,129216266#9_0,-4523.535091730978,0.0
56.0,189,7.636239394061454,-0.10040900076273829,4695.786228302046,2020.3247332501649,542500769#1,542500769#1_0,663.9537089481289,663.9537089481289
56.0,286,7.97469819664167,-0.5686153244227174,5159.755188536496,1284.6258829560577,243598403#0,243598403#0_1,-5533.491255576395,0.0
56.0,327,7.056429248129129,0.2800572921056306,5018.697772248549,1909.0328304726563,4744915#8,4744915#8_0,5099.959786931908,5099.959786931908
56.0,356,0.0,0.0,5508.661643855828,1994.8964869626584,-124184227#1,-124184227#1_0,500.0,500.0
56.0,383,7.798033645406894,0.6428717527305707,5084.630955426558,1560.6022201747646,129216266#4,129216266#4_0,10336.096479460517,10336.096479460517
56.0,39,8.750877472080461,0.045468865637666056,5109.924079748509,2226.625104885054,550732200#0,550732200#0_2,2884.886461225868,2884.886461225868
56.0,411,5.918453191544414,0.2937380193732686,5291.480079319285,2219.463228414628,43872044#10,43872044#10_0,4455.138722757053,4455.138722757053
56.0,414,7.939899759884716,0.34443988099228573,4997.250535025479,1739.255143521693,129216266#9,129216266#9_0,6573.538649317824,6573.538649317824
57.0,184,6.064292,0.0,5197.35,1195.05,672283350#0,672283350#0_0,1588.3450072090277,1588.3450072090277
57.0,286,7.9685371867022825,-0.006161009939387618,5166.315072166577,1288.919472821062,243598403#0,243598403#0_1,1940.7270516317678,1940.7270516317678
57.0,304,6.65565175917004,-0.38921087710186875,5263.485248627876,1735.2046037858838,894042533,894042533_0,-2601.20745826491,0.0
57.0,327,7.236166827299743,0.17973757917061395,5025.233170641501,1912.13965934889,4744915#8,4744915#8_0,4015.315150692001,4015.315150692001
57.0,356,0.0,0.0,5508.661643855828,1994.8964869626584,-124184227#1,-124184227#1_0,500.0,500.0
57.0,383,7.666356578639306,-0.1316770667675886,5081.237760959698,1567.4767440297026,129216266#4,129216266#4_0,266.6141968836684,266.6141968836684
57.0,39,8.233707030464135,-0.5171704416163259,5104.49908211409,2232.8180806670416,550732200#0,550732200#0_2,-5008.473407042004,0.0
57.0,411,5.655193024359196,-0.2632601671852175,5295.073547042782,2215.0962307677023,43872044#10,43872044#10_0,-978.1593428860199,0.0
57.0,414,7.3152111254453445,-0.6246886344393712,4994.091341641303,1745.8520396806557,129216266#9,129216266#9_0,-5750.211298250428,0.0
57.0,83,7.7758426993775815,-0.48726992791052925,5029.329656739063,1396.0021502445247,42884388#4,42884388#4_0,-4339.400918867551,0.0
58.0,184,5.665984483876832,-0.39830751612316817,5192.248122252291,1195.2371233360473,672283350#1,672283350#1_0,-2255.9731033781904,0.0
58.0,189,7.729541945648567,-0.9594891490647566,4680.202571280512,2015.1566175135886,542500769#1,542500769#1_0,-10396.391545823373,0.0
58.0,286,8.367692527814338,0.3991553411120554,5173.055232388392,1293.6900719603273,243598403#0,243598403#0_1,7689.19047159049,7689.19047159049
58.0,304,5.876533409417652,-0.7791183497523884,5258.196979986234,1732.6416332061522,894042533,894042533_0,-6081.930537810084,0.0
58.0,327,7.179630612664036,-0.056536214635706905,5031.7175079277795,1915.2222145525598,4744915#8,4744915#8_0,1158.0450103032922,1158.0450103032922
58.0,356,0.0,0.0,5508.661643855828,1994.8964869626584,-124184227#1,-124184227#1_0,500.0,500.0
58.0,383,7.808474795224674,0.14211821658536827,5077.7816637643755,1574.4787071786673,129216266#4,129216266#4_0,3832.9500084100687,3832.9500084100687
58.0,39,7.778170902931302,-0.4555361275328327,5099.372766079391,2238.6671438397607,550732200#0,550732200#0_2,-3929.3427369870224,0.0
58.0,411,5.907004180827662,0.25181115646846575,5298.827022613806,2210.5347819812614,43872044#10,43872044#10_0,4034.3701616624644,4034.3701616624644
58.0,414,7.413629234145187,0.09841810869984258,4990.873256654426,1752.529786652379,129216266#9,129216266#9_0,3105.1072932961365,3105.1072932961365
58.0,83,8.300914959834673,0.5250722604570912,5036.453813639457,1400.2608936977367,42884388#4,42884388#4_0,9369.848750716634,9369.848750716634
59.0,184,4.841838323556453,-0.824146160320379,5187.409975761234,1195.4143312960402,672283350#1,672283350#1_0,-5309.71183288335,0.0
59.0,189,8.592454575193301,0.8629126295447342,4672.047059547321,2012.4519488681035,542500769#1,542500769#1_0,14537.874642575043,14537.874642575043
59.0,286,8.28151077908607,-0.08618174872826856,5179.457912001228,1298.7657924086354,243598403#0,243598403#0_1,911.1131796506527,911.1131796506527
59.0,304,6.165101010957778,0.28856760154012573,5252.649030527365,1729.952807769231,894042533,894042533_0,4574.817775265757,4574.817775265757
59.0,327,6.829065225169174,-0.35056538749486243,5037.7939074337,1918.1163339715724,4744915#9,4744915#9_0,-2235.221568769952,0.0
59.0,356,0.0,0.0,5508.661643855828,1994.8964869626584,-124184227#1,-124184227#1_0,500.0,500.0
59.0,39,8.161765258430675,0.3835943554993726,5093.976301117695,2244.8144154625497,550732200#1,550732200#1_2,7288.528122711286,7288.528122711286
59.0,411,5.818930239996425,-0.08807394083123654,5302.5245335409545,2206.0413447888914,43872044#10,43872044#10_0,682.7836572466272,682.7836572466272
59.0,414,7.574451259156481,0.16082202501129395,4987.564887548987,1759.3425182936733,129216266#9,129216266#9_0,3957.3389429569684,3957.3389429569684
60.0,189,7.682241538288259,-0.9102130369050423,4664.75547476739,2010.0337902809592,542500769#1,542500769#1_0,-9701.22507917492,0.0
60.0,286,8.25057961692711,-0.03093116215895897,5185.84158801442,1303.8943787326446,243598403#1,243598403#1_1,1667.4947629039357,1667.4947629039357
60.0,304,5.905538789276078,-0.2595622216816995,5247.334660061729,1727.377186885306,894042533,894042533_0,-999.7765536799852,0.0
60.0,327,7.257258063799813,0.42819283863063884,5044.122898622217,1921.6542043566308,:30237482_1,:30237482_1_0,7031.697685670451,7031.697685670451
60.0,356,0.0,0.0,5508.661643855828,1994.8964869626584,-124184227#1,-124184227#1_0,500.0,500.0
60.0,383,7.297142319714248,0.7734031778294597,5071.6644243662895,1586.8720753098555,129216266#4,129216266#4_0,11267.848600756091,11267.848600756091
60.0,39,8.182401274747386,0.020636016316711192,5088.598673698266,2250.9809239056744,:1475044288_3,:1475044288_3_1,2357.105716920038,2357.105716920038
60.0,411,5.664690114252753,-0.15424012574367207,5306.124035980834,2201.6670133924304,43872044#10,43872044#10_0,48.897303546880835,48.897303546880835
